{"scoreShow":"Check","tryAgain":"Retry","scoreExplanation":"Correct answers give +1 point. Incorrect answers give -1 point. The lowest possible score is 0.","question":{"settings":{"size":{"width":490,"height":400}},"task":{"elements":[{"x":6.1982285214956425,"y":16.94885697473524,"width":4.2024757812499995,"height":1.702475,"dropZones":["0","1","2","3","4","5"],"type":{"library":"H5P.AdvancedText 1.1","params":{"text":"<p style=\"text-align: center;\">CPT<\/p>\n"},"subContentId":"15b3782f-7b58-4ef2-a9f8-5071ce8a0583","metadata":{"contentType":"Text","license":"U","title":"Untitled Text"}},"backgroundOpacity":100,"multiple":true},{"x":6.1982285214956425,"y":26.36488862736593,"width":4.202474117279053,"height":1.702475,"dropZones":["0","1","2","3","4","5"],"type":{"library":"H5P.AdvancedText 1.1","params":{"text":"<p style=\"text-align: center;\">2ND<\/p>\n"},"metadata":{"contentType":"Text","license":"U","title":"Untitled Text"},"subContentId":"f5d0cbf4-83c4-4d00-bb3f-5ef8531ae476"},"backgroundOpacity":100,"multiple":true},{"x":61.98228521495642,"y":35.78092027999662,"width":4.202474117279053,"height":1.702475,"dropZones":["0","1","2","3","4","5"],"type":{"library":"H5P.AdvancedText 1.1","params":{"text":"<p style=\"text-align: center;\">PMT<\/p>\n"},"metadata":{"contentType":"Text","license":"U","title":"Untitled Text"},"subContentId":"7e443f12-4dd3-4027-b6a4-6e4fa1331a92"},"backgroundOpacity":100,"multiple":true},{"x":24.79291408598257,"y":16.94885697473524,"width":4.202474117279053,"height":1.702475,"dropZones":["0","1","2","3","4","5"],"type":{"library":"H5P.AdvancedText 1.1","params":{"text":"<p style=\"text-align: center;\">ENTER<\/p>\n"},"metadata":{"contentType":"Text","license":"U","title":"Untitled Text"},"subContentId":"7b840c09-d057-4404-912f-9ba58ae10068"},"backgroundOpacity":100,"multiple":true},{"x":5.657723853802014e-7,"y":4.505343868812163,"width":30.625,"height":2.75,"dropZones":[],"type":{"library":"H5P.Image 1.1","params":{"contentName":"Image","file":{"path":"images\/file-60c112507155f.jpg","mime":"image\/jpeg","copyright":{"license":"U"},"width":486,"height":48},"alt":"Backround table for where place calculator keys. This image is decorative only."},"subContentId":"31bbd2c4-7c23-4647-b6da-7b251d3f8e2c","metadata":{"contentType":"Image","license":"U","title":"Untitled Image"}},"backgroundOpacity":100,"multiple":false},{"x":24.79291408598257,"y":26.36488862736593,"width":4.202474117279053,"height":1.702475,"dropZones":["0","1","2","3","4","5"],"type":{"library":"H5P.AdvancedText 1.1","params":{"text":"<p style=\"text-align: center;\">CF<\/p>\n"},"metadata":{"contentType":"Text","license":"U","title":"Untitled Text"},"subContentId":"ab610a64-9f98-4f80-adeb-102fa7f6019f"},"backgroundOpacity":100,"multiple":true},{"x":43.3875996504695,"y":26.36488862736593,"width":4.202474117279053,"height":1.702475,"dropZones":["0","1","2","3","4","5"],"type":{"library":"H5P.AdvancedText 1.1","params":{"text":"<p style=\"text-align: center;\">NPV<\/p>\n"},"metadata":{"contentType":"Text","license":"U","title":"Untitled Text"},"subContentId":"8c5a362a-0a48-4537-95cf-c139d8ac7b30"},"backgroundOpacity":100,"multiple":true},{"x":61.98228521495642,"y":16.94885697473524,"width":4.2013871978759765,"height":1.7013871978759765,"dropZones":["0","1","2","3","4","5"],"type":{"library":"H5P.AdvancedText 1.1","params":{"text":"<p style=\"text-align: center;\"><span style=\"font-size:1.375em;\">\u2193<\/span><\/p>\n"},"subContentId":"f34d70d3-805a-4af5-a317-b46b44092857","metadata":{"contentType":"Text","license":"U","title":"Untitled Text"}},"backgroundOpacity":100,"multiple":true},{"x":43.3875996504695,"y":16.94885697473524,"width":4.2013871978759765,"height":1.7013871978759765,"dropZones":["0","1","2","3","4","5"],"type":{"library":"H5P.AdvancedText 1.1","params":{"text":"<p style=\"text-align: center;\"><span style=\"font-size:1.375em;\">\u2191<\/span><\/p>\n"},"metadata":{"contentType":"Text","license":"U","title":"Untitled Text"},"subContentId":"6d096e67-62e1-475e-82db-4d1fadc6f0c2"},"backgroundOpacity":100,"multiple":true},{"x":80.57697077944334,"y":16.94885697473524,"width":4.2013871978759765,"height":1.7013871978759765,"dropZones":["0","1","2","3","4","5"],"type":{"library":"H5P.AdvancedText 1.1","params":{"text":"<p style=\"text-align: center;\"><span style=\"font-size:0.875em;\">ON|OFF<\/span><\/p>\n"},"metadata":{"contentType":"Text","license":"U","title":"Untitled Text"},"subContentId":"e12d2e94-a860-44d2-bb79-7e2777076024"},"backgroundOpacity":100,"multiple":true},{"x":61.98228521495642,"y":26.36488862736593,"width":4.2013871978759765,"height":1.7013871978759765,"dropZones":["0","1","2","3","4","5"],"type":{"library":"H5P.AdvancedText 1.1","params":{"text":"<p style=\"text-align: center;\">IRR<\/p>\n"},"subContentId":"32c7fc0a-703e-49d9-be57-cebf2bb7318f","metadata":{"contentType":"Text","license":"U","title":"Untitled Text"}},"backgroundOpacity":100,"multiple":true},{"x":80.57697077944334,"y":26.36488862736593,"width":4.2013871978759765,"height":1.7013871978759765,"dropZones":["0","1","2","3","4","5"],"type":{"library":"H5P.AdvancedText 1.1","params":{"text":"<p style=\"text-align: center;\"><span style=\"font-size:1.375em;\">\u2192<\/span><\/p>\n"},"metadata":{"contentType":"Text","license":"U","title":"Untitled Text"},"subContentId":"fb26f4d7-22cb-4342-ab38-f2cfa9ebe218"},"backgroundOpacity":100,"multiple":true},{"x":6.1982285214956425,"y":35.78092027999662,"width":4.2013871978759765,"height":1.701385861968994,"dropZones":["0","1","2","3","4","5"],"type":{"library":"H5P.AdvancedText 1.1","params":{"text":"<p style=\"text-align: center;\">N<\/p>\n"},"subContentId":"ad85efac-6910-4d00-97b5-8692d952e769","metadata":{"contentType":"Text","license":"U","title":"Untitled Text"}},"backgroundOpacity":100,"multiple":true},{"x":24.79291408598257,"y":35.78092027999662,"width":4.2013871978759765,"height":1.701385861968994,"dropZones":["0","1","2","3","4","5"],"type":{"library":"H5P.AdvancedText 1.1","params":{"text":"<p style=\"text-align: center;\">I\/Y<\/p>\n"},"metadata":{"contentType":"Text","license":"U","title":"Untitled Text"},"subContentId":"71002d28-6028-48f9-a303-7f8153f6bc30"},"backgroundOpacity":100,"multiple":true},{"x":43.3875996504695,"y":35.78092027999662,"width":4.2013871978759765,"height":1.701385861968994,"dropZones":["0","1","2","3","4","5"],"type":{"library":"H5P.AdvancedText 1.1","params":{"text":"<p style=\"text-align: center;\">PV<\/p>\n"},"metadata":{"contentType":"Text","license":"U","title":"Untitled Text"},"subContentId":"631a69fb-bae3-4a08-888f-c0dd4e8b9f81"},"backgroundOpacity":100,"multiple":true},{"x":80.57697077944334,"y":35.78092027999662,"width":4.2013871978759765,"height":1.701385861968994,"dropZones":["0","1","2","3","4","5"],"type":{"library":"H5P.AdvancedText 1.1","params":{"text":"<p style=\"text-align: center;\">FV<\/p>\n"},"metadata":{"contentType":"Text","license":"U","title":"Untitled Text"},"subContentId":"1c636035-591f-48b3-be20-674f79cb3810"},"backgroundOpacity":100,"multiple":true}],"dropZones":[{"x":0.6198228521495642,"y":5.2729777254731856,"width":5,"height":2.5,"correctElements":["1"],"showLabel":false,"backgroundOpacity":0,"tipsAndFeedback":{"tip":""},"single":true,"autoAlign":true,"label":"<div>2ND<\/div>\n"},{"x":17.14843224280461,"y":5.2729777254731856,"width":5,"height":2.5,"correctElements":["2"],"showLabel":true,"backgroundOpacity":0,"tipsAndFeedback":{"tip":""},"single":true,"autoAlign":true,"label":"<div>BGN<\/div>\n"},{"x":33.67704163345966,"y":5.2729777254731856,"width":5,"height":2.5,"correctElements":["1"],"showLabel":false,"backgroundOpacity":0,"tipsAndFeedback":{"tip":""},"single":true,"autoAlign":true,"label":"<div>2ND<\/div>\n"},{"x":50.2056510241147,"y":5.2729777254731856,"width":5,"height":2.5,"correctElements":["3"],"showLabel":true,"backgroundOpacity":0,"tipsAndFeedback":{"tip":""},"single":true,"autoAlign":true,"label":"<div>SET<\/div>\n"},{"x":66.73426041476975,"y":5.2729777254731856,"width":5,"height":2.5,"correctElements":["1"],"showLabel":false,"backgroundOpacity":0,"tipsAndFeedback":{"tip":""},"single":true,"autoAlign":true,"label":"<div>2ND<\/div>\n"},{"x":82.6868316088377,"y":5.249878465313529,"width":5,"height":2.56250170173645,"correctElements":["0"],"showLabel":true,"backgroundOpacity":0,"tipsAndFeedback":{"tip":""},"single":true,"autoAlign":true,"label":"<div>QUIT<\/div>\n"}]}},"overallFeedback":[{"from":0,"to":100}],"behaviour":{"enableRetry":true,"enableCheckButton":true,"showSolutionsRequiresInput":true,"singlePoint":false,"applyPenalties":false,"enableScoreExplanation":true,"dropZoneHighlighting":"dragging","autoAlignSpacing":2,"enableFullScreen":true,"showScorePoints":true,"showTitle":false},"grabbablePrefix":"Grabbable {num} of {total}.","grabbableSuffix":"Placed in dropzone {num}.","dropzonePrefix":"Dropzone {num} of {total}.","noDropzone":"No dropzone.","tipLabel":"Show tip.","tipAvailable":"Tip available","correctAnswer":"Correct answer","wrongAnswer":"Wrong answer","feedbackHeader":"Feedback","scoreBarLabel":"You got :num out of :total points","scoreExplanationButtonLabel":"Show score explanation","a11yCheck":"Check the answers. The responses will be marked as correct, incorrect, or unanswered.","a11yRetry":"Retry the task. Reset all responses and start the task over again.","localize":{"fullscreen":"Fullscreen","exitFullscreen":"Exit fullscreen"}}